# category	source_directory	target	note
#
# The 2026-10-04 corpus reconciliation uses the checked-in samples.libcna.com bundles plus the
# status decisions in plan.md. The default matrix includes gallery-runnable and native-runnable.
# PerformanceUtility is intentionally partial, StockEffects is a support tool, and RacingGame is
# governed separately by plan_racing.md. Keep entries sorted by source_directory within a category.
gallery-runnable	AccelerometerSample	AccelerometerSample_cna_samples	published gallery executable
gallery-runnable	AimingSample	AimingSample_cna_samples	published gallery executable
gallery-runnable	Audio3D	Audio3D_cna_samples	published gallery executable
gallery-runnable	AvatarAnimationBlending	AvatarAnimationBlending_cna_samples	published gallery executable
gallery-runnable	AvatarMultipleAnimations	AvatarMultipleAnimations_cna_samples	published gallery executable
gallery-runnable	AvatarShadows	AvatarShadows_cna_samples	published gallery executable
gallery-runnable	BillboardSample	BillboardSample_cna_samples	published gallery executable
gallery-runnable	BloomSample	BloomSample_cna_samples	published gallery executable
gallery-runnable	Bounce	Bounce_cna_samples	published gallery executable
gallery-runnable	CPUSkinning	CPUSkinning_cna_samples	published gallery executable
gallery-runnable	CameraShake	CameraShake_cna_samples	published gallery executable
gallery-runnable	CardsStarterKit	CardsStarterKit_cna_samples	published gallery executable
gallery-runnable	CatapultWars	CatapultWars_cna_samples	published gallery executable
gallery-runnable	ChaseAndEvade	ChaseAndEvade_cna_samples	published gallery executable
gallery-runnable	ChaseCamera	ChaseCamera_cna_samples	published gallery executable
gallery-runnable	CollisionSample	CollisionSample_cna_samples	published gallery executable
gallery-runnable	ColorReplacement	ColorReplacement_cna_samples	published gallery executable
gallery-runnable	ContentManifestExtensions	ContentManifestExtensions_cna_samples	published gallery executable
gallery-runnable	CustomAvatarAnimation	CustomAvatarAnimation_cna_samples	published gallery executable
gallery-runnable	CustomModelAnimation	CustomModelAnimation_cna_samples	published gallery executable
gallery-runnable	CustomModelClass	CustomModelClass_cna_samples	published gallery executable
gallery-runnable	CustomModelEffect	CustomModelEffect_cna_samples	published gallery executable
gallery-runnable	DistortionSample	DistortionSample_cna_samples	published gallery executable
gallery-runnable	DynamicMenu	DynamicMenu_cna_samples	published gallery executable
gallery-runnable	FlockingSample	FlockingSample_cna_samples	published gallery executable
gallery-runnable	FuzzyLogic	FuzzyLogic_cna_samples	published gallery executable
gallery-runnable	GameStateManagement	GameStateManagement_cna_samples	published gallery executable
gallery-runnable	GeneratedGeometry	GeneratedGeometry_cna_samples	published gallery executable
gallery-runnable	GesturesSample	GesturesSample_cna_samples	published gallery executable
gallery-runnable	Graphics3D	Graphics3D_cna_samples	published gallery executable
gallery-runnable	HeightmapCollision	HeightmapCollision_cna_samples	published gallery executable
gallery-runnable	HoneycombRush	HoneycombRush_cna_samples	published gallery executable
gallery-runnable	InputReporter	InputReporter_cna_samples	published gallery executable
gallery-runnable	InputSequence	InputSequence_cna_samples	published gallery executable
gallery-runnable	InstancedModel	InstancedModel_cna_samples	published gallery executable
gallery-runnable	InverseKinematics	InverseKinematics_cna_samples	published gallery executable
gallery-runnable	LensFlare	LensFlare_cna_samples	published gallery executable
gallery-runnable	LocalizationSample	LocalizationSample_cna_samples	published gallery executable
gallery-runnable	MarbleMaze	MarbleMaze_cna_samples	published gallery executable
gallery-runnable	MicrophoneEcho	MicrophoneEcho_cna_samples	published gallery executable
gallery-runnable	ModelImporterSample	ModelImporterSample_cna_samples	published gallery executable
gallery-runnable	NinjAcademy	NinjAcademy_cna_samples	published gallery executable
gallery-runnable	NonPhotoRealistic	NonPhotoRealistic_cna_samples	published gallery executable
gallery-runnable	NormalMappingEffect	NormalMappingEffect_cna_samples	published gallery executable
gallery-runnable	ObjectPlacementOnAvatar	ObjectPlacementOnAvatar_cna_samples	published gallery executable
gallery-runnable	Orientation	Orientation_cna_samples	published gallery executable
gallery-runnable	ParticleSample	ParticleSample_cna_samples	published gallery executable
gallery-runnable	Particles2DPipeline	Particles2DPipeline_cna_samples	published gallery executable
gallery-runnable	Particles3D	Particles3D_cna_samples	published gallery executable
gallery-runnable	PathDrawing	PathDrawing_cna_samples	published gallery executable
gallery-runnable	Pathfinding	Pathfinding_cna_samples	published gallery executable
gallery-runnable	PerPixelCollision	PerPixelCollision_cna_samples	published gallery executable
gallery-runnable	PerPixelLighting	PerPixelLighting_cna_samples	published gallery executable
gallery-runnable	PerformanceMeasuring	PerformanceMeasuring_cna_samples	published gallery executable
gallery-runnable	PickingSample	PickingSample_cna_samples	published gallery executable
gallery-runnable	Platformer	Platformer_cna_samples	published gallery executable
gallery-runnable	Primitives3D	Primitives3D_cna_samples	published gallery executable
gallery-runnable	PrimitivesSample	PrimitivesSample_cna_samples	published gallery executable
gallery-runnable	ReachGraphicsDemo	ReachGraphicsDemo_cna_samples	published gallery executable
gallery-runnable	RectangleCollision	RectangleCollision_cna_samples	published gallery executable
gallery-runnable	RimLighting	RimLighting_cna_samples	published gallery executable
gallery-runnable	RolePlayingGame	RolePlayingGame_cna_samples	published gallery executable
gallery-runnable	SafeArea	SafeArea_cna_samples	published gallery executable
gallery-runnable	ShadowMapping	ShadowMapping_cna_samples	published gallery executable
gallery-runnable	ShapeRendering	ShapeRendering_cna_samples	published gallery executable
gallery-runnable	ShatterEffect	ShatterEffect_cna_samples	published gallery executable
gallery-runnable	ShipGame	ShipGame_cna_samples	published gallery executable
gallery-runnable	SimpleAnimation	SimpleAnimation_cna_samples	published gallery executable
gallery-runnable	SkinnedModelExtensions	SkinnedModelExtensions_cna_samples	published gallery executable
gallery-runnable	SkinningSample	SkinningSample_cna_samples	published gallery executable
gallery-runnable	SnowShovel	SnowShovel_cna_samples	published gallery executable
gallery-runnable	SoccerPitch	SoccerPitch_cna_samples	published gallery executable
gallery-runnable	SoundAndMusic	SoundAndMusic_cna_samples	published gallery executable
gallery-runnable	Spacewar	Spacewar_cna_samples	published gallery executable
gallery-runnable	SplitScreen	SplitScreen_cna_samples	published gallery executable
gallery-runnable	SpriteEffects	SpriteEffects_cna_samples	published gallery executable
gallery-runnable	SpriteSheet	SpriteSheet_cna_samples	published gallery executable
gallery-runnable	TankOnHeightmap	TankOnHeightmap_cna_samples	published gallery executable
gallery-runnable	TexturesAndColors	TexturesAndColors_cna_samples	published gallery executable
gallery-runnable	TiltPerspective	TiltPerspective_cna_samples	published gallery executable
gallery-runnable	TouchThumbsticks	TouchThumbsticks_cna_samples	published gallery executable
gallery-runnable	TransformedCollision	TransformedCollision_cna_samples	published gallery executable
gallery-runnable	TransformedCollisionTest	TransformedCollisionTest_cna_samples	published gallery executable
gallery-runnable	TrianglePicking	TrianglePicking_cna_samples	published gallery executable
gallery-runnable	UISample	UISample_cna_samples	published gallery executable
gallery-runnable	VertexLighting	VertexLighting_cna_samples	published gallery executable
gallery-runnable	WaypointSample	WaypointSample_cna_samples	published gallery executable
gallery-runnable	XmlParticles	XmlParticles_cna_samples	published gallery executable
gallery-runnable	Yacht	Yacht_cna_samples	published gallery executable
native-runnable	ClientServerSample	ClientServerSample_cna_samples	owner-approved native-only multiplayer scope; no web bundle
native-runnable	NetRumble	NetRumble_cna_samples	owner-approved native-only multiplayer scope; no web bundle
partial-runnable	PerformanceUtility	PerformanceUtility_cna_samples	owner-approved partial gallery release; remote networking incomplete
supporting-project	StockEffects	CompileEffect	compiled-effect support tool, not a gallery game
supporting-project	Yacht	YachtServer_cna_samples	server companion, not a gallery game executable
test-project	CollisionSample	CollisionSampleUnitTests_cna_samples	sample unit tests, not a gallery game executable
experimental-project	AchievementsLeaderboards	AchievementsLeaderboards_cna_samples	CNA-specific, not an XNA gallery port
experimental-project	Invites	Invites_cna_samples	deferred networking project
experimental-project	NetworkPrediction	NetworkPrediction_cna_samples	deferred networking project
experimental-project	NetworkStateManagement	NetworkStateManagement_cna_samples	deferred networking project
experimental-project	PeerToPeer	PeerToPeer_cna_samples	deferred networking project
special-standalone	RacingGame	-	separate rights/content-constrained campaign governed by plan_racing.md
